År;Årsgj.snitt2;Jan;Feb;Mar;Apr;Mai;Jun;Jul;Aug;Sep;Okt;Nov;Des
2022;NaN;117,8;119,1;119,8;121,2;121,5;122,6;124,2;123,9;125,6;NaN;NaN;NaN
2021;116,1;114,1;114,9;114,6;115,0;114,9;115,3;116,3;116,3;117,5;117,2;118,1;118,9
2020;112,2;111,3;111,2;111,2;111,7;111,9;112,1;112,9;112,5;112,9;113,2;112,4;112,9
2019;110,8;109,3;110,2;110,4;110,8;110,5;110,6;111,4;110,6;111,1;111,3;111,6;111,3
2018;108,4;106,0;107,0;107,3;107,7;107,8;108,5;109,3;108,9;109,5;109,3;109,8;109,8
2017;105,5;104,3;104,7;105,0;105,2;105,4;105,8;106,1;105,3;105,9;106,0;106,1;106,1
2016;103,6;101,5;102,1;102,5;102,9;103,2;103,8;104,5;103,9;104,2;104,7;104,9;104,4
2015;100,0;98,6;98,9;99,2;99,6;99,8;100,1;100,1;99,9;100,6;101,0;101,3;100,9
2014;97,9;96,6;97,1;97,3;97,7;97,8;97,5;98,3;97,9;98,5;98,6;98,6;98,6
2013;95,9;94,5;95,1;95,4;95,9;96,0;95,7;96,1;96,0;96,4;96,6;96,7;96,6
2012;93,9;93,2;94,2;94,1;94,2;94,2;93,7;93,3;92,9;93,9;94,3;94,4;94,7
2011;93,3;92,7;93,1;93,4;93,9;93,7;93,4;93,1;92,6;93,4;93,3;93,3;93,4
2010;92,1;90,9;92,0;92,5;92,7;92,2;92,1;91,6;91,4;92,0;92,1;92,3;93,3
2009;89,9;88,7;89,4;89,4;89,7;89,9;90,4;89,9;89,7;90,4;90,2;90,5;90,8
2008;88,0;86,7;87,2;87,2;87,2;87,2;87,4;87,9;88,0;89,3;89,6;89,1;89,0
2007;84,8;83,7;84,0;84,5;84,5;84,6;84,5;84,3;84,2;84,8;85,0;86,4;87,1
2006;84,2;82,7;83,4;83,6;84,3;84,3;84,2;83,9;83,9;85,1;85,2;85,1;84,7
2005;82,3;81,2;81,3;81,7;82,1;82,4;82,4;82,2;82,3;82,9;83,0;83,0;82,9
2004;81,0;80,4;80,5;80,9;81,0;81,1;81,1;81,0;80,8;81,3;81,5;81,5;81,4
2003;80,7;81,9;82,0;81,4;80,8;80,3;80,1;79,8;80,0;80,4;80,4;80,5;80,5
2002;78,7;78,0;78,1;78,4;78,5;78,7;78,7;78,6;78,3;78,8;79,1;79,4;80,0
2001;77,7;76,9;77,5;77,7;78,0;78,4;78,4;77,4;77,3;77,7;77,7;77,7;77,9
2000;75,5;74,5;74,8;74,9;75,1;75,2;75,6;75,3;75,3;76,0;76,0;76,4;76,3
1999;73,2;72,4;72,5;73,0;73,2;73,1;73,2;73,0;72,7;73,4;73,7;74,0;74,1
1998;71,5;70,7;71,0;71,4;71,4;71,3;71,5;71,5;71,3;71,9;71,9;72,0;72,1
1997;69,9;69,3;69,6;69,7;69,7;69,8;70,0;69,9;69,8;70,2;70,3;70,4;70,4
1996;68,2;67,3;67,4;67,7;67,9;68,0;68,1;68,3;68,3;68,6;68,9;68,8;68,8
1995;67,3;66,6;66,8;67,2;67,2;67,3;67,5;67,4;67,3;67,7;67,7;67,6;67,6
1994;65,7;64,9;65,1;65,4;65,5;65,5;65,7;65,8;65,8;66,2;66,2;66,2;66,2
1993;64,8;64,0;64,2;64,8;64,9;64,9;65,0;64,9;64,8;65,1;65,1;65,1;65,0
1992;63,4;62,4;62,6;63,1;63,3;63,4;63,5;63,6;63,4;63,7;63,8;63,8;63,8
1991;61,9;61,0;61,2;61,6;61,8;61,9;62,0;62,0;62,0;62,4;62,4;62,4;62,4
1990;59,9;58,6;58,8;59,5;59,5;59,6;59,8;59,9;59,8;60,4;60,9;60,9;60,7
1989;57,5;56,2;56,4;56,9;57,2;57,4;57,7;57,8;57,6;58,1;58,2;58,2;58,2
1988;55,0;53,5;53,8;54,6;54,7;54,8;55,1;55,1;55,1;55,8;55,8;55,8;55,8
1987;51,6;49,9;50,4;50,9;51,1;51,2;51,5;51,6;51,7;52,4;52,5;52,6;52,8
1986;47,4;45,6;45,8;46,1;46,4;46,5;47,3;47,8;47,9;48,6;48,8;49,0;49,2
1985;44,2;43,1;43,2;43,7;43,9;44,0;44,3;44,5;44,3;44,8;44,9;45,0;45,2
1984;41,9;40,7;40,9;41,4;41,6;41,6;41,8;42,0;42,0;42,3;42,5;42,6;42,8
1983;39,4;38,3;38,5;38,9;39,0;39,1;39,3;39,6;39,5;39,9;40,1;40,2;40,4
1982;36,3;34,8;35,0;35,6;35,7;35,8;36,1;36,7;36,7;37,0;37,3;37,5;37,7
1981;32,6;31,0;31,3;31,9;32,1;32,2;32,6;33,1;33,1;33,4;33,5;33,6;33,7
1980;28,7;26,9;27,4;27,8;28,0;28,3;28,7;29,0;29,2;29,5;29,7;29,9;30,1
1979;25,9;25,3;25,4;25,5;25,6;25,7;25,8;26,0;26,0;26,1;26,3;26,5;26,5
1978;24,7;23,9;24,0;24,3;24,4;24,4;24,6;24,9;24,9;25,2;25,3;25,3;25,3
1977;22,9;21,9;22,0;22,4;22,5;22,7;22,9;23,2;23,2;23,3;23,4;23,4;23,4
1976;21,0;20,1;20,2;20,5;20,7;20,8;21,1;21,3;21,3;21,3;21,3;21,4;21,5
1975;19,2;18,4;18,5;18,7;18,8;18,9;19,1;19,5;19,4;19,7;19,7;19,8;19,9
1974;17,2;16,5;16,6;16,8;17,0;16,9;17,0;17,2;17,3;17,5;17,6;17,7;17,9
1973;15,7;15,1;15,3;15,4;15,5;15,6;15,7;15,8;15,7;15,9;16,0;16,1;16,2
1972;14,6;14,2;14,2;14,3;14,4;14,4;14,6;14,7;14,8;14,9;14,9;15,0;15,0
1971;13,7;13,4;13,4;13,5;13,5;13,5;13,6;13,7;13,7;13,7;13,9;13,9;14,0
1970;12,8;12,4;12,5;12,6;12,6;12,7;12,7;12,9;12,9;13,0;13,1;13,2;13,3
1969;11,6;11,4;11,5;11,5;11,5;11,5;11,6;11,7;11,6;11,7;11,7;11,7;11,8
1968;11,3;11,1;11,1;11,2;11,2;11,2;11,2;11,3;11,3;11,3;11,4;11,4;11,4
1967;10,9;10,7;10,7;10,7;10,7;10,8;10,9;11,0;11,0;11,0;11,0;11,0;11,1
1966;10,4;10,2;10,2;10,3;10,3;10,3;10,3;10,5;10,5;10,5;10,6;10,6;10,6
1965;10,1;9,9;9,9;10,1;10,1;10,1;10,1;10,2;10,1;10,2;10,1;10,2;10,2
1964;9,7;9,4;9,5;9,5;9,6;9,6;9,6;9,7;9,8;9,9;9,8;9,9;9,9
1963;9,2;9,1;9,2;9,2;9,2;9,1;9,1;9,2;9,1;9,1;9,1;9,2;9,2
1962;8,9;8,7;8,7;8,8;8,9;8,9;8,9;9,0;9,0;9,1;9,0;9,0;9,1
1961;8,5;8,3;8,3;8,4;8,4;8,4;8,4;8,4;8,5;8,6;8,7;8,7;8,7
1960;8,3;8,3;8,3;8,3;8,3;8,3;8,3;8,3;8,3;8,3;8,3;8,3;8,3
1959;8,3;8,3;8,3;8,2;8,2;8,2;8,2;8,3;8,3;8,3;8,3;8,3;8,3
1958;8,1;7,8;7,8;7,9;8,0;8,1;8,1;8,2;8,2;8,3;8,2;8,2;8,2
1957;7,7;7,6;7,6;7,7;7,7;7,7;7,7;7,7;7,7;7,7;7,7;7,7;7,7
1956;7,5;7,2;7,3;7,3;7,4;7,6;7,6;7,7;7,6;7,5;7,5;7,5;7,6
1955;7,2;7,2;7,2;7,2;7,2;7,2;7,2;7,2;7,2;7,2;7,2;7,2;7,2
1954;7,1;6,9;6,9;7,0;7,0;7,1;7,1;7,3;7,3;7,3;7,2;7,2;7,2
1953;6,9;6,8;6,8;6,8;6,8;6,8;6,9;6,9;6,9;6,9;6,9;6,9;6,9
1952;6,7;6,5;6,6;6,6;6,6;6,6;6,7;6,8;6,8;6,9;6,9;6,9;6,8
1951;6,2;5,7;5,7;5,8;6,1;6,1;6,3;6,3;6,3;6,4;6,3;6,4;6,4
1950;5,3;5,1;5,1;5,1;5,2;5,3;5,3;5,3;5,3;5,4;5,5;5,6;5,6
1949;5,1;5,0;5,0;5,0;5,0;5,1;5,1;5,1;5,1;5,1;5,1;5,1;5,1
1948;5,1;5,0;5,1;5,1;5,1;5,1;5,1;5,1;5,0;5,0;5,0;5,0;5,0
1947;5,1;5,1;5,1;5,1;5,1;5,1;5,1;5,1;5,1;5,0;5,0;5,0;5,0
1946;5,1;5,0;5,0;5,0;5,0;5,0;5,0;5,1;5,1;5,1;5,1;5,1;5,1
1945;4,9;4,9;4,9;4,9;4,9;4,9;4,9;4,9;5,0;5,0;4,9;4,9;5,0
1944;4,9;4,8;4,8;4,8;4,9;4,9;4,9;4,9;4,9;4,9;4,9;4,9;4,9
1943;4,8;4,7;4,8;4,8;4,8;4,8;4,8;4,8;4,8;4,8;4,8;4,8;4,8
1942;4,7;4,6;4,6;4,6;4,6;4,6;4,7;4,7;4,7;4,7;4,7;4,7;4,7
1941;4,4;4,2;4,2;4,3;4,3;4,4;4,4;4,4;4,5;4,5;4,5;4,5;4,6
1940;3,7;3,4;3,4;3,6;3,6;3,6;3,6;3,7;3,7;4,0;4,0;4,0;4,1
1939;3,2;3,1;3,1;3,1;3,2;3,2;3,2;3,2;3,2;3,2;3,3;3,4;3,4
1938;3,2;3,2;3,2;3,2;3,2;3,2;3,2;3,2;3,2;3,1;3,1;3,1;3,1
1937;3,1;2,9;2,9;3,0;3,0;3,0;3,1;3,1;3,1;3,1;3,2;3,2;3,2
1936;2,9;2,9;2,9;2,9;2,9;2,9;2,9;2,9;2,9;2,9;2,9;2,9;2,9
1935;2,8;2,8;2,8;2,8;2,8;2,8;2,8;2,8;2,8;2,8;2,8;2,9;2,9
1934;2,8;2,7;2,7;2,7;2,7;2,7;2,7;2,8;2,8;2,8;2,8;2,8;2,8
1933;2,7;2,7;2,7;2,7;2,7;2,7;2,7;2,7;2,8;2,7;2,7;2,7;2,7
1932;2,8;2,8;2,8;2,8;2,8;2,8;2,8;2,8;2,8;2,8;2,8;2,8;2,8
1931;2,8;2,9;2,9;2,9;2,9;2,8;2,8;2,8;2,8;2,8;2,8;2,8;2,8
1930;3,0;3,0;3,0;3,0;3,0;3,0;3,0;3,0;3,0;3,0;2,9;2,9;2,9
1929;3,1;3,1;3,1;3,1;3,1;3,1;3,1;3,1;3,1;3,1;3,1;3,1;3,1
